கேள்வி,பதில்,,,,,,,,,,,,,,,,,,,,,,,,
கல்லூரிக்கு நான் எப்படி விண்ணப்பிப்பது?,எங்கள் சேர்க்கை போர்டல் மூலம் நீங்கள் ஆன்லைனில் விண்ணப்பிக்கலாம். மேலும் விவரங்கள் மற்றும் காலக்கெடுவுக்கு எங்கள் சேர்க்கை பக்கத்தைப் பார்வையிடவும்.,,,,,,,,,,,,,,,,,,,,,,,,
சேர்க்கை தேவைகள் என்ன?,"சேர்க்கைத் தேவைகளில் கல்விப் படியெடுப்புகள், தரப்படுத்தப்பட்ட தேர்வு மதிப்பெண்கள் (பொருந்தினால்) மற்றும் பரிந்துரை கடிதங்கள் ஆகியவை அடங்கும். குறிப்பிட்ட திட்டத் தேவைகளைச் சரிபார்க்கவும்.",,,,,,,,,,,,,,,,,,,,,,,,
விண்ணப்பக் கடைசி தேதி என்ன?,விண்ணப்ப காலக்கெடு வெவ்வேறு படிப்புகள் மற்றும் செமஸ்டர்களுக்கு மாறுபடும். சமீபத்திய தேதிகளுக்கு எங்கள் வலைத்தளத்தின் சேர்க்கை காலெண்டரைப் பார்க்கவும்.,,,,,,,,,,,,,,,,,,,,,,,,
நிதி உதவி கிடைக்குமா?,"ஆம், நாங்கள் உதவித்தொகைகள், மானியங்கள் மற்றும் கடன் விருப்பங்களை வழங்குகிறோம். வாய்ப்புகளை ஆராய நிதி உதவி பக்கத்தைப் பார்வையிடவும்",,,,,,,,,,,,,,,,,,,,,,,,
நிதி உதவிக்கு நான் எவ்வாறு விண்ணப்பிக்க முடியும்?,நீங்கள் FAFSA-வை சமர்ப்பிப்பதன் மூலமோ அல்லது கல்லூரி வழங்கும் குறிப்பிட்ட உதவித்தொகைகளுக்கு விண்ணப்பிப்பதன் மூலமோ விண்ணப்பிக்கலாம்,,,,,,,,,,,,,,,,,,,,,,,,
என்னென்ன படிப்புகள் மற்றும் பட்டங்கள் வழங்கப்படுகின்றன?,"பல்வேறு துறைகளில் பரந்த அளவிலான இளங்கலை, பட்டதாரி மற்றும் சான்றிதழ் திட்டங்களை நாங்கள் வழங்குகிறோம். மேலும் தகவலுக்கு நிரல்கள் பக்கத்தைப் பார்வையிடவும்",,,,,,,,,,,,,,,,,,,,,,,,
படிப்புச் செலவு எவ்வளவு?,"படிப்புத் திட்டம் மற்றும் மாணவர் வசிப்பிட நிலையைப் பொறுத்து கல்விக் கட்டணம் மாறுபடும். விவரங்களுக்கு, எங்கள் கல்விக் கட்டணம் மற்றும் கட்டணப் பக்கத்தைப் பார்வையிடவும்",,,,,,,,,,,,,,,,,,,,,,,,
நீங்கள் ஆன்லைன் படிப்புகளை வழங்குகிறீர்களா?,"ஆம், எங்கள் பல திட்டங்கள் ஆன்லைன் அல்லது கலப்பின பாடநெறி விருப்பங்களை வழங்குகின்றன. மேலும் தகவலுக்கு தனிப்பட்ட திட்டப் பட்டியல்களைப் பார்க்கவும்",,,,,,,,,,,,,,,,,,,,,,,,
வகுப்புகளுக்கு நான் எவ்வாறு பதிவு செய்வது?,"சேர்க்கைக்குப் பிறகு, எங்கள் ஆன்லைன் மாணவர் போர்டல் மூலம் நீங்கள் வகுப்புகளுக்குப் பதிவு செய்யலாம். நோக்குநிலையின் போது வழிமுறைகள் வழங்கப்படும்",,,,,,,,,,,,,,,,,,,,,,,,
வேறு நிறுவனத்திலிருந்து கடன்களை மாற்ற முடியுமா?,"ஆம், அங்கீகாரம் பெற்ற நிறுவனங்களிடமிருந்து பரிமாற்ற வரவுகளை நாங்கள் ஏற்றுக்கொள்கிறோம். மதிப்பீட்டிற்காக உங்கள் அதிகாரப்பூர்வ டிரான்ஸ்கிரிப்டுகளை நீங்கள் சமர்ப்பிக்க வேண்டும்",,,,,,,,,,,,,,,,,,,,,,,,
மாணவர் தங்குமிடம் கிடைக்குமா?,"ஆம், நாங்கள் வளாகத்திலேயே வீட்டுவசதி வழங்குகிறோம். விருப்பங்கள், செலவுகள் மற்றும் விண்ணப்ப செயல்முறை பற்றிய விவரங்களுக்கு வீட்டுவசதி பக்கத்தைப் பார்வையிடவும்",,,,,,,,,,,,,,,,,,,,,,,,
வளாக வாழ்க்கை எப்படி இருக்கிறது?,"எங்கள் வளாகம் பல்வேறு ஆர்வங்களைப் பூர்த்தி செய்யும் கிளப்புகள், நிறுவனங்கள் மற்றும் நிகழ்வுகளால் துடிப்பானது. மேலும் தகவலுக்கு மாணவர் வாழ்க்கை பக்கத்தைப் பாருங்கள்",,,,,,,,,,,,,,,,,,,,,,,,
உணவுத் திட்டங்கள் கிடைக்குமா?,"ஆம், வளாகத்தில் உள்ள மாணவர்களுக்கு உணவுத் திட்டங்கள் கிடைக்கின்றன. மேலும் விவரங்களுக்கு எங்கள் உணவு சேவைகள் பக்கத்தைப் பார்வையிடவும்",,,,,,,,,,,,,,,,,,,,,,,,
உதவித்தொகைக்கு நான் எவ்வாறு விண்ணப்பிப்பது?,நீங்கள் நிதி உதவி அலுவலகம் மூலம் உதவித்தொகைக்கு விண்ணப்பிக்கலாம். உதவித்தொகை காலக்கெடு மற்றும் விண்ணப்பப் படிவங்கள் ஆன்லைனில் கிடைக்கின்றன,,,,,,,,,,,,,,,,,,,,,,,,
நீங்கள் பயிற்சி அல்லது தொழில் சேவைகளை வழங்குகிறீர்களா?,"ஆம், எங்களிடம் ஒரு பிரத்யேக தொழில் சேவைகள் அலுவலகம் உள்ளது, இது மாணவர்களுக்கு இன்டர்ன்ஷிப், வேலை வாய்ப்புகள் மற்றும் தொழில் வழிகாட்டுதலில் உதவுகிறது",,,,,,,,,,,,,,,,,,,,,,,,
மாணவர்களுக்கு என்ன ஆதரவு சேவைகள் கிடைக்கின்றன?,"நாங்கள் கல்வி ஆலோசனை, பயிற்சி, ஆலோசனை மற்றும் இயலாமை ஆதரவு சேவைகளை வழங்குகிறோம். மேலும் தகவலுக்கு மாணவர் ஆதரவு பிரிவைப் பார்வையிடவும்",,,,,,,,,,,,,,,,,,,,,,,,
நூலக நேரம் என்ன?,நூலகம் திங்கள் முதல் சனிக்கிழமை வரை திறந்திருக்கும். விடுமுறை நாட்கள் மற்றும் தேர்வு காலங்களில் குறிப்பிட்ட நேரங்களுக்கு நூலகப் பக்கத்தைப் பார்க்கவும்,,,,,,,,,,,,,,,,,,,,,,,,
சேர்க்கை அலுவலகத்தை எவ்வாறு தொடர்பு கொள்வது?,நீங்கள் சேர்க்கை அலுவலகத்தை admissions@college.edu என்ற மின்னஞ்சல் முகவரி மூலம் தொடர்பு கொள்ளலாம் அல்லது (123) 456-7890 என்ற எண்ணில் எங்களை அழைக்கலாம்.,,,,,,,,,,,,,,,,,,,,,,,,
சர்வதேச மாணவர்களுக்கு என்ன ஆவணங்கள் தேவை?,"சர்வதேச மாணவர்கள் செல்லுபடியாகும் பாஸ்போர்ட், ஆங்கில புலமைக்கான சான்று (எ.கா., TOEFL/IELTS மதிப்பெண்கள்) மற்றும் நிதி ஆவணங்களை சமர்ப்பிக்க வேண்டும்",,,,,,,,,,,,,,,,,,,,,,,,
மாணவர்-ஆசிரியர் விகிதம் என்ன?,"மாணவர்-ஆசிரியர் விகிதம் 1:15 ஆகும், இது தனிப்பயனாக்கப்பட்ட கவனத்தையும் ஆதரவையும் உறுதி செய்கிறது",,,,,,,,,,,,,,,,,,,,,,,,
வெளிநாட்டில் படிக்க வாய்ப்புகள் உள்ளதா?,"ஆம், நாங்கள் பல்வேறு நாடுகளில் வெளிநாட்டுப் படிப்பு திட்டங்களை வழங்குகிறோம். திட்டங்கள் மற்றும் விண்ணப்பத் தேவைகள் பற்றிய விவரங்களுக்கு வெளிநாட்டுப் படிப்பு பக்கத்தைப் பார்வையிடவும்",,,,,,,,,,,,,,,,,,,,,,,,
நீங்கள் பட்டதாரி திட்டங்களை வழங்குகிறீர்களா?,"ஆம், நாங்கள் பல்வேறு துறைகளில் பரந்த அளவிலான பட்டதாரி திட்டங்களை வழங்குகிறோம். மேலும் தகவலுக்கு பட்டதாரி ஆய்வுகள் பக்கத்தைப் பார்க்கவும்",,,,,,,,,,,,,,,,,,,,,,,,
என்னென்ன பாடநெறிக்கு அப்பாற்பட்ட செயல்பாடுகள் உள்ளன?,"எங்களிடம் பல்வேறு கிளப்புகள், விளையாட்டு அணிகள் மற்றும் கலாச்சார அமைப்புகள் உள்ளன. உங்கள் விருப்பங்களை ஆராய எங்கள் மாணவர் அமைப்புகள் பக்கத்தைப் பார்வையிடவும்",,,,,,,,,,,,,,,,,,,,,,,,
விண்ணப்பிக்கும் முன் நான் வளாகத்தைப் பார்வையிடலாமா?,"ஆம், நாங்கள் வளாக சுற்றுப்பயணங்கள் மற்றும் திறந்தவெளி நிகழ்வுகளை வழங்குகிறோம். எங்களைப் பார்வையிடவும் பக்கத்தின் மூலம் உங்கள் வருகையைத் திட்டமிடுங்கள்",,,,,,,,,,,,,,,,,,,,,,,,
மாணவர் சுகாதார மையம் உள்ளதா?,"ஆம், எங்களிடம் மருத்துவ சேவைகள் மற்றும் நல்வாழ்வு திட்டங்களை வழங்கும் ஒரு வளாகத்தில் ஒரு சுகாதார மையம் உள்ளது",,,,,,,,,,,,,,,,,,,,,,,,
வளாகத்தில் என்னென்ன பார்க்கிங் வசதிகள் உள்ளன?,வளாகத்தில் வாகன நிறுத்துமிடங்களுக்கு பார்க்கிங் அனுமதிகள் தேவை. அனுமதி விவரங்கள் மற்றும் வாகன நிறுத்துமிட இடங்களுக்கு வளாக பார்க்கிங் பக்கத்தைப் பார்வையிடவும்,,,,,,,,,,,,,,,,,,,,,,,,
எனது டிரான்ஸ்கிரிப்டுகளை எவ்வாறு கோருவது?,நீங்கள் பதிவாளர் அலுவலகம் மூலம் அதிகாரப்பூர்வ டிரான்ஸ்கிரிப்டுகளைக் கோரலாம். கோரிக்கைப் படிவம் எங்கள் வலைத்தளத்தில் கிடைக்கிறது,,,,,,,,,,,,,,,,,,,,,,,,
பட்டப்படிப்பு விகிதம் என்ன?,எங்கள் பட்டமளிப்பு விகிதம் 75%. இது ஆறு ஆண்டுகளுக்குள் தங்கள் படிப்பை முடிக்கும் மாணவர்களின் சதவீதத்தை பிரதிபலிக்கிறது,,,,,,,,,,,,,,,,,,,,,,,,
பகுதிநேர படிப்பு விருப்பங்கள் உள்ளதா?,"ஆம், பல திட்டங்களுக்கு பகுதிநேர படிப்பு விருப்பங்கள் உள்ளன. விவரங்களுக்கு உங்கள் திட்ட ஆலோசகரைத் தொடர்பு கொள்ளவும்",,,,,,,,,,,,,,,,,,,,,,,,
